<?xml version="1.0" encoding="UTF-8" ?>
<pdfpreflight>
	<prefs format="PRC Manager Settings Engine" version="1.1">
		<setting id="006c72ead562e1efc2014b4f2d63b26e" name="" comment="" rating="0" count="0" lock="0" active="1">
			<feat type="string">
				<name>PRCManagerFeatureIdXMLId</name>
				<value>P06e03f8f7887a9baea947ea652b8a736</value>
			</feat>
			<feat type="int">
				<name>PRCManagerFeatureIdWeight</name>
				<value>0</value>
			</feat>
			<feat type="int">
				<name>PRCManagerFeatureIdLink</name>
				<value>0</value>
			</feat>
			<feat type="int">
				<name>PRCManagerFeatureIdTime</name>
				<value>629835978</value>
			</feat>
			<feat type="int">
				<name>PRCManagerFeatureIdCount</name>
				<value>29</value>
			</feat>
		</setting>
		<setting id="7db337740e7f5b12ddf7e46855356345" name="" comment="" rating="0" count="0" lock="0" active="1">
			<feat type="string">
				<name>PRCManagerFeatureIdXMLId</name>
				<value>Pc41e9a4254d575086b930d7e3493e09b</value>
			</feat>
			<feat type="int">
				<name>PRCManagerFeatureIdWeight</name>
				<value>0</value>
			</feat>
			<feat type="int">
				<name>PRCManagerFeatureIdLink</name>
				<value>0</value>
			</feat>
			<feat type="int">
				<name>PRCManagerFeatureIdTime</name>
				<value>629579905</value>
			</feat>
			<feat type="int">
				<name>PRCManagerFeatureIdCount</name>
				<value>3</value>
			</feat>
		</setting>
		<setting id="59ee96e00173ec9a0c58317da4a697dc" name="" comment="" rating="0" count="0" lock="0" active="1">
			<feat type="string">
				<name>PRCManagerFeatureIdXMLId</name>
				<value>P0b77f33681539227a7fc47b0d72c9ca2</value>
			</feat>
			<feat type="int">
				<name>PRCManagerFeatureIdWeight</name>
				<value>0</value>
			</feat>
			<feat type="int">
				<name>PRCManagerFeatureIdLink</name>
				<value>0</value>
			</feat>
			<feat type="int">
				<name>PRCManagerFeatureIdTime</name>
				<value>629785510</value>
			</feat>
			<feat type="int">
				<name>PRCManagerFeatureIdCount</name>
				<value>5</value>
			</feat>
		</setting>
		<setting id="021c7d99e8e3fa8ce5fe779b895ee42f" name="" comment="" rating="0" count="0" lock="0" active="1">
			<feat type="string">
				<name>PRCManagerFeatureIdXMLId</name>
				<value>Pf46791722336e53bca80915f84a1dd8e</value>
			</feat>
			<feat type="int">
				<name>PRCManagerFeatureIdWeight</name>
				<value>0</value>
			</feat>
			<feat type="int">
				<name>PRCManagerFeatureIdLink</name>
				<value>0</value>
			</feat>
			<feat type="int">
				<name>PRCManagerFeatureIdTime</name>
				<value>629759316</value>
			</feat>
			<feat type="int">
				<name>PRCManagerFeatureIdCount</name>
				<value>13</value>
			</feat>
		</setting>
		<setting id="de7e9586737e84ff336d376d8cd10b27" name="" comment="" rating="0" count="0" lock="0" active="1">
			<feat type="string">
				<name>PRCManagerFeatureIdXMLId</name>
				<value>P996697c63e7f0e4d2bc0a429f1995dd0</value>
			</feat>
			<feat type="int">
				<name>PRCManagerFeatureIdWeight</name>
				<value>0</value>
			</feat>
			<feat type="int">
				<name>PRCManagerFeatureIdLink</name>
				<value>0</value>
			</feat>
			<feat type="int">
				<name>PRCManagerFeatureIdTime</name>
				<value>629754686</value>
			</feat>
			<feat type="int">
				<name>PRCManagerFeatureIdCount</name>
				<value>2</value>
			</feat>
		</setting>
		<setting id="d611d1778bddfa2452936e3a551a0956" name="" comment="" rating="0" count="0" lock="0" active="1">
			<feat type="string">
				<name>PRCManagerFeatureIdXMLId</name>
				<value>Pa89e1e5ddd7ad5dd9d4b76caae1b8089</value>
			</feat>
			<feat type="int">
				<name>PRCManagerFeatureIdWeight</name>
				<value>0</value>
			</feat>
			<feat type="int">
				<name>PRCManagerFeatureIdLink</name>
				<value>0</value>
			</feat>
			<feat type="int">
				<name>PRCManagerFeatureIdTime</name>
				<value>629754677</value>
			</feat>
			<feat type="int">
				<name>PRCManagerFeatureIdCount</name>
				<value>1</value>
			</feat>
		</setting>
		<setting id="f22f9469da6ec08c403b4ae49c71e90f" name="" comment="" rating="0" count="0" lock="0" active="1">
			<feat type="string">
				<name>PRCManagerFeatureIdXMLId</name>
				<value>P366606777881a2ba71dfc9340d1c5107</value>
			</feat>
			<feat type="int">
				<name>PRCManagerFeatureIdWeight</name>
				<value>0</value>
			</feat>
			<feat type="int">
				<name>PRCManagerFeatureIdLink</name>
				<value>0</value>
			</feat>
			<feat type="int">
				<name>PRCManagerFeatureIdTime</name>
				<value>629760977</value>
			</feat>
			<feat type="int">
				<name>PRCManagerFeatureIdCount</name>
				<value>1</value>
			</feat>
		</setting>
		<setting id="3eecaaf78138105b7b44b381e404227c" name="" comment="" rating="0" count="0" lock="0" active="1">
			<feat type="string">
				<name>PRCManagerFeatureIdXMLId</name>
				<value>P4d453cfb1138aea38c0416865b4ee892</value>
			</feat>
			<feat type="int">
				<name>PRCManagerFeatureIdWeight</name>
				<value>0</value>
			</feat>
			<feat type="int">
				<name>PRCManagerFeatureIdLink</name>
				<value>0</value>
			</feat>
			<feat type="int">
				<name>PRCManagerFeatureIdTime</name>
				<value>629785355</value>
			</feat>
			<feat type="int">
				<name>PRCManagerFeatureIdCount</name>
				<value>3</value>
			</feat>
		</setting>
	</prefs>
</pdfpreflight>
