<?xml version="1.0" encoding="UTF-8" ?>
<pdfpreflight>
	<prefs format="PRC Selection Info" version="1.0">
		<setting id="9403484256f5720f20a230da0158044a" name="default" comment="" rating="0" count="0" lock="0" active="1">
			<feat type="string">
				<name>I2_Feat_LastProfile</name>
				<value>OCRBot Make Layers </value>
			</feat>
			<feat type="string">
				<name>I2_Feat_LastSingleCheck</name>
				<value></value>
			</feat>
			<feat type="string">
				<name>I2_Feat_LastSingleFixup</name>
				<value>Remove all tagging information</value>
			</feat>
			<feat type="string">
				<name>I2_Feat_LastProfileID</name>
				<value>P06e03f8f7887a9baea947ea652b8a736</value>
			</feat>
			<feat type="string">
				<name>I2_Feat_LastSingleCheckID</name>
				<value></value>
			</feat>
			<feat type="string">
				<name>I2_Feat_LastSingleFixupID</name>
				<value>F014992500d615bb04d37664e29a9b6b7</value>
			</feat>
			<feat type="string">
				<name>I2_Feat_ExpandedProfileGroups</name>
				<value>1,2,</value>
			</feat>
			<feat type="string">
				<name>I2_Feat_ExpandedRuleGroups</name>
				<value>-1</value>
			</feat>
			<feat type="string">
				<name>I2_Feat_ExpandedFixupGroups</name>
				<value>2,5,6,7,</value>
			</feat>
		</setting>
	</prefs>
</pdfpreflight>
